{"cameraMode":{"drawMode":0,"name":"Shaded","section":"Shading Mode"},"sceneLighting":true,"audioPlay":false,"sceneViewState":{"m_AlwaysRefresh":false,"showFog":true,"showSkybox":true,"showFlares":true,"showImageEffects":true,"showParticleSystems":true,"showVisualEffectGraphs":true,"m_FxEnabled":true},"in2DMode":false,"pivot":{"x":-1.4144353866577149,"y":0.32410717010498049,"z":1.3419265747070313},"rotation":{"x":-0.09461420774459839,"y":0.8799784779548645,"z":-0.19752845168113709,"w":-0.4215012788772583},"size":4.479752063751221,"orthographic":false}